<?xml version="1.0"?>
<doc>
    <assembly>
        <name>SuperBenchmarker</name>
    </assembly>
    <members>
        <member name="T:SuperBenchmarker.IResponseStatusOverride">
            <summary>
            Interface for plugins that 
            </summary>
        </member>
        <member name="M:SuperBenchmarker.IResponseStatusOverride.OverrideStatus(System.Net.HttpStatusCode,System.Byte[],System.Net.Http.Headers.HttpResponseHeaders,System.Net.Http.HttpRequestMessage)">
            <summary>
            Override the status received
            </summary>
            <param name="statusReceived">Response status</param>
            <param name="responseBuffer">response data as a byte array</param>
            <param name="responseHeaders">Response headers</param>
            <param name="request">Request</param>
            <returns></returns>
        </member>
    </members>
</doc>
